[
	{
        "mob": "minecraft:zombie",
        "mincount": 15,
        "result": "deny"
      },
      {
        "mob": "minecraft:bat",
        "mincount": 5,
        "result": "deny"
      },
      {
        "mob": "minecraft:skeleton",
        "mincount": 15,
        "result": "deny"
      },
		{
        "mob": "minecraft:creeper",
        "mincount": 15,
        "result": "deny"
      },
		{
        "mob": "minecraft:spider",
        "mincount": 15,
        "result": "deny"
      },
		{
        "mob": "minecraft:enderman",
        "mincount": 15,
        "result": "deny"
      },
		{
        "mob": "irons_spellbooks:necromancer",
        "mincount": 15,
        "result": "deny"
      },
		{
        "mob": "minecraft:cave_spider",
        "mincount": 15,
        "result": "deny"
      },
		{
        "mob": "creeperoverhaul:cave_creeper",
        "mincount": 15,
        "result": "deny"
	  },
		{
        "mob": "minecraft:drowned",
        "mincount": 15,
        "result": "deny"
      },
		{
        "mob": "creeperoverhaul:dripstone_creeper",
        "mincount": 15,
        "result": "deny"
      }		  
]